3MF文件,对象编号,对象名,X包围盒_mm,Y包围盒_mm,Z包围盒_mm,顶点数,三角形数
01_base_body_10_parts_256mm.3mf,1,01_tray,103.6,120.6,30.0,2365,4802
01_base_body_10_parts_256mm.3mf,2,02_body,101.4,50.24,38.95,7060,14240
01_base_body_10_parts_256mm.3mf,3,03_original_6_b,40.91,21.99,36.96,36609,74558
01_base_body_10_parts_256mm.3mf,4,04_original_22_fvfvfv,32.15,37.07,13.86,17795,35586
01_base_body_10_parts_256mm.3mf,5,05_glass_gauge,57.86,41.73,3.0,248,500
01_base_body_10_parts_256mm.3mf,6,06_original_8_c,10.0,26.5,19.62,4635,9274
01_base_body_10_parts_256mm.3mf,7,07_original_12_4,29.72,22.55,12.62,17568,35204
01_base_body_10_parts_256mm.3mf,8,08_servo_gauge,28.2,37.0,2.0,16,32
01_base_body_10_parts_256mm.3mf,9,09_paw_L,35.0,16.0,6.0,708,1416
01_base_body_10_parts_256mm.3mf,10,10_paw_R,35.0,16.0,6.0,708,1416
02_lid_head_9_parts_256mm.3mf,1,01_lid,103.6,120.6,6.0,3098,6244
02_lid_head_9_parts_256mm.3mf,2,02_pcb_gauge,103.6,109.6,2.4,656,1328
02_lid_head_9_parts_256mm.3mf,3,03_adapter,60.0,48.0,35.86,5120,10276
02_lid_head_9_parts_256mm.3mf,4,04_bezel,60.0,48.0,3.4,1264,2544
02_lid_head_9_parts_256mm.3mf,5,05_original_4_3,51.03,38.59,26.57,36217,72906
02_lid_head_9_parts_256mm.3mf,6,06_original_14_5,9.96,9.96,15.36,11551,23128
02_lid_head_9_parts_256mm.3mf,7,07_original_16_6,9.96,9.96,15.36,11561,23152
02_lid_head_9_parts_256mm.3mf,8,08_original_18_9,13.23,8.87,24.32,21171,42340
02_lid_head_9_parts_256mm.3mf,9,09_original_20_10,13.22,8.87,24.32,21170,42338
